{"cameraMode":{"drawMode":0,"name":"Shaded","section":"Shading Mode"},"sceneLighting":true,"audioPlay":false,"sceneViewState":{"m_AlwaysRefresh":false,"showFog":true,"showSkybox":true,"showFlares":true,"showImageEffects":true,"showParticleSystems":true,"showVisualEffectGraphs":true,"m_FxEnabled":true},"in2DMode":false,"pivot":{"x":-2.847661018371582,"y":1.2867217063903809,"z":0.16123712062835694},"rotation":{"x":0.20427881181240083,"y":-0.772874116897583,"z":0.3050355911254883,"w":0.5175842642784119},"size":2.1278395652770998,"orthographic":false}