{"cameraMode":{"drawMode":0,"name":"Shaded","section":"Shading Mode"},"sceneLighting":false,"audioPlay":false,"sceneViewState":{"m_AlwaysRefresh":false,"showFog":true,"showSkybox":false,"showFlares":true,"showImageEffects":true,"showParticleSystems":true,"showVisualEffectGraphs":true,"m_FxEnabled":true},"in2DMode":false,"pivot":{"x":-0.6634832620620728,"y":0.793458878993988,"z":0.09543770551681519},"rotation":{"x":0.10132205486297608,"y":0.7022694945335388,"z":-0.10205342620611191,"w":0.6972360610961914},"size":0.8533802032470703,"orthographic":false}